USE AS_sykkelUtleie;

#****IMPORTER POSTNR VIA MySQL WORKBENCH****
insert into poststed(poststed, postnr) values('Haugen', '9912');
insert into poststed(poststed, postnr) values('Bakken', '9916');
insert into poststed(poststed, postnr) values('Jordet', '9840');
insert into poststed(poststed, postnr) values('Tjernet', '9445');
insert into poststed(poststed, postnr) values('Stubben', '0988');
insert into poststed(poststed, postnr) values('Oslo', '0001');
insert into poststed(poststed, postnr) values('Haugastøl', '3595');

#--STEDERINSERT
insert into steder(sted_id, stedsnavn, poststed_postnr) values(1, 'Haugen', '9912');
insert into steder(sted_id, stedsnavn, poststed_postnr) values(2, 'Bakken', '9916');
insert into steder(sted_id, stedsnavn, poststed_postnr) values(3, 'Jordet', '9840');
insert into steder(sted_id, stedsnavn, poststed_postnr) values(7, 'Tjernet', '9445');
insert into steder(sted_id, stedsnavn, poststed_postnr) values(11, 'Stubben', '0988');
insert into steder(sted_id, stedsnavn, poststed_postnr) values(12, 'Ullevål', '0001');
insert into steder(sted_id, stedsnavn, poststed_postnr) values(13, 'Rallarvegen', '3595');

#--UTSTYRINSERT
insert into Utstyr(utstyr_id, utstyr_Type, utstyr_navn, dagspris, timepris, utstyrkode, var_sist_paa_sted, tilhoerer_sted, hjulstoerrelse, ramme, utstyr_status) values(1, 'Sykkel', 'Transition Patrol', 699, 149, 'kode1', 13, 3, '19', '27', 'Flytt');
insert into Utstyr(utstyr_id, utstyr_Type, utstyr_navn, dagspris, timepris, utstyrkode, var_sist_paa_sted, tilhoerer_sted, hjulstoerrelse, ramme, utstyr_status) values(19, 'Sykkel', 'Transition Patrol', 699, 149, 'kode19', 1, 2, '20', '28', 'Reparasjon');
insert into Utstyr(utstyr_id, utstyr_Type, utstyr_navn, dagspris, timepris, utstyrkode, var_sist_paa_sted, tilhoerer_sted, hjulstoerrelse, ramme, utstyr_status) values(20, 'Sykkel', 'Transition Patrol', 699, 149, 'kode20', 13, 13, '21', '30', 'Klar');
insert into Utstyr(utstyr_id, utstyr_Type, utstyr_navn, dagspris, timepris, utstyrkode, var_sist_paa_sted, tilhoerer_sted, hjulstoerrelse, ramme, utstyr_status) values(21, 'Sykkel', 'Transition Patrol', 699, 149, 'kode21', 13, 13, '22', '31', 'Stjålet');
insert into Utstyr(utstyr_id, utstyr_Type, utstyr_navn, dagspris, timepris, utstyrkode, var_sist_paa_sted, tilhoerer_sted, hjulstoerrelse, ramme, utstyr_status) values(22, 'Sykkel', 'Transition Patrol', 699, 149, 'kode22', 1, 1, '23', '33', 'Klar');
insert into Utstyr(utstyr_id, utstyr_Type, utstyr_navn, dagspris, timepris, utstyrkode, var_sist_paa_sted, tilhoerer_sted, hjulstoerrelse, ramme, utstyr_status) values(23, 'Sykkel', 'Transition Patrol', 699, 149, 'kode23', 1, 13, '21', '30', 'Flytt');
insert into Utstyr(utstyr_id, utstyr_Type, utstyr_navn, dagspris, timepris, utstyrkode, var_sist_paa_sted, tilhoerer_sted, hjulstoerrelse, ramme, utstyr_status) values(41, 'Sykkel', 'Serious Rockville', 499, 129, 'kode41', 13, 2, '19', '27', 'Reparasjon');
insert into Utstyr(utstyr_id, utstyr_Type, utstyr_navn, dagspris, timepris, utstyrkode, var_sist_paa_sted, tilhoerer_sted, hjulstoerrelse, ramme, utstyr_status) values(42, 'Sykkel', 'Serious Rockville', 499, 129, 'kode42', 1, 11, '20', '28', 'Flytt');
insert into Utstyr(utstyr_id, utstyr_Type, utstyr_navn, dagspris, timepris, utstyrkode, var_sist_paa_sted, tilhoerer_sted, hjulstoerrelse, ramme, utstyr_status) values(43, 'Sykkel', 'Serious Rockville', 499, 129, 'kode43', 1, 1, '21', '30', 'Klar');
insert into Utstyr(utstyr_id, utstyr_Type, utstyr_navn, dagspris, timepris, utstyrkode, var_sist_paa_sted, tilhoerer_sted, hjulstoerrelse, ramme, utstyr_status) values(44, 'Sykkel', 'Serious Rockville', 499, 129, 'kode44', 1, 1, '22', '31', 'Klar');
insert into Utstyr(utstyr_id, utstyr_Type, utstyr_navn, dagspris, timepris, utstyrkode, var_sist_paa_sted, tilhoerer_sted, hjulstoerrelse, ramme, utstyr_status) values(45, 'Sykkel', 'Serious Rockville', 499, 129, 'kode45', 13, 13, '23', '33', 'Stjålet');
insert into Utstyr(utstyr_id, utstyr_Type, utstyr_navn, dagspris, timepris, utstyrkode, var_sist_paa_sted, tilhoerer_sted, hjulstoerrelse, ramme, utstyr_status) values(46, 'Sykkel', 'Serious Rockville', 499, 129, 'kode46', 1, 1, '21', '30', 'Utleid');
insert into Utstyr(utstyr_id, utstyr_Type, utstyr_navn, dagspris, timepris, utstyrkode, var_sist_paa_sted, tilhoerer_sted, hjulstoerrelse, ramme, utstyr_status) values(51, 'Sykkel', 'Transition Sentinel', 899, 249, 'kode51', 13, 13, '19', '27', 'Klar');
insert into Utstyr(utstyr_id, utstyr_Type, utstyr_navn, dagspris, timepris, utstyrkode, var_sist_paa_sted, tilhoerer_sted, hjulstoerrelse, ramme, utstyr_status) values(52, 'Sykkel', 'Transition Sentinel', 899, 249, 'kode52', 1, 1, '20', '28', 'Klar');
insert into Utstyr(utstyr_id, utstyr_Type, utstyr_navn, dagspris, timepris, utstyrkode, var_sist_paa_sted, tilhoerer_sted, hjulstoerrelse, ramme, utstyr_status) values(53, 'Sykkel', 'Transition Sentinel', 899, 249, 'kode53', 1, 1, '21', '30', 'Utleid');
insert into Utstyr(utstyr_id, utstyr_Type, utstyr_navn, dagspris, timepris, utstyrkode, var_sist_paa_sted, tilhoerer_sted, hjulstoerrelse, ramme, utstyr_status) values(54, 'Sykkel', 'Transition Sentinel', 899, 249, 'kode54', 1, 1, '22', '31', 'Utleid');
insert into Utstyr(utstyr_id, utstyr_Type, utstyr_navn, dagspris, timepris, utstyrkode, var_sist_paa_sted, tilhoerer_sted, hjulstoerrelse, ramme, utstyr_status) values(55, 'Sykkel', 'Transition Sentinel', 899, 249, 'kode55', 13, 13, '23', '33', 'Stjålet');
insert into Utstyr(utstyr_id, utstyr_Type, utstyr_navn, dagspris, timepris, utstyrkode, var_sist_paa_sted, tilhoerer_sted, hjulstoerrelse, ramme, utstyr_status) values(56, 'Sykkel', 'Transition Sentinel', 899, 249, 'kode56', 13, 12, '21', '30', 'Flytt');
insert into Utstyr(utstyr_id, utstyr_Type, utstyr_navn, dagspris, timepris, utstyrkode, var_sist_paa_sted, tilhoerer_sted, hjulstoerrelse, ramme, utstyr_status) values(61, 'Sykkel', 'DBS Apache Cross', 799, 199, 'kode61', 13, 2, '19', '27', 'Reparasjon'); 
insert into Utstyr(utstyr_id, utstyr_Type, utstyr_navn, dagspris, timepris, utstyrkode, var_sist_paa_sted, tilhoerer_sted, hjulstoerrelse, ramme, utstyr_status) values(62, 'Sykkel', 'DBS Apache Cross', 799, 199, 'kode62', 1, 2, '20', '28', 'Reparasjon'); 
insert into Utstyr(utstyr_id, utstyr_Type, utstyr_navn, dagspris, timepris, utstyrkode, var_sist_paa_sted, tilhoerer_sted, hjulstoerrelse, ramme, utstyr_status) values(63, 'Sykkel', 'DBS Apache Cross', 799, 199, 'kode63', 1, 2, '21', '30', 'Reparasjon'); 
insert into Utstyr(utstyr_id, utstyr_Type, utstyr_navn, dagspris, timepris, utstyrkode, var_sist_paa_sted, tilhoerer_sted, hjulstoerrelse, ramme, utstyr_status) values(64, 'Sykkel', 'DBS Apache Cross', 799, 199, 'kode64', 1, 7, '22', '31', 'Flytt'); 
insert into Utstyr(utstyr_id, utstyr_Type, utstyr_navn, dagspris, timepris, utstyrkode, var_sist_paa_sted, tilhoerer_sted, hjulstoerrelse, ramme, utstyr_status) values(65, 'Sykkel', 'DBS Apache Cross', 799, 199, 'kode65', 13, 13, '23', '33', 'Klar'); 
insert into Utstyr(utstyr_id, utstyr_Type, utstyr_navn, dagspris, timepris, utstyrkode, var_sist_paa_sted, tilhoerer_sted, hjulstoerrelse, ramme, utstyr_status) values(66, 'Sykkel', 'DBS Apache Cross', 799, 199, 'kode66', 13, 7, '21', '30', 'reparasjon'); 
insert into Utstyr(utstyr_id, utstyr_Type, utstyr_navn, dagspris, timepris, utstyrkode, var_sist_paa_sted, tilhoerer_sted, hjulstoerrelse, ramme, utstyr_status) values(71, 'Sykkel', 'Diamant', 1099, 319, 'kode71', 13, 13, '19', '27', 'Klar');
insert into Utstyr(utstyr_id, utstyr_Type, utstyr_navn, dagspris, timepris, utstyrkode, var_sist_paa_sted, tilhoerer_sted, hjulstoerrelse, ramme, utstyr_status) values(72, 'Sykkel', 'Diamant', 1099, 319, 'kode72', 13, 13, '20', '28', 'Klar');
insert into Utstyr(utstyr_id, utstyr_Type, utstyr_navn, dagspris, timepris, utstyrkode, var_sist_paa_sted, tilhoerer_sted, hjulstoerrelse, ramme, utstyr_status) values(73, 'Sykkel', 'Diamant', 1099, 319, 'kode73', 13, 13, '21', '30', 'Klar');
insert into Utstyr(utstyr_id, utstyr_Type, utstyr_navn, dagspris, timepris, utstyrkode, var_sist_paa_sted, tilhoerer_sted, hjulstoerrelse, ramme, utstyr_status) values(74, 'Sykkel', 'Diamant', 1099, 319, 'kode74', 1, 1, '22', '31', 'Klar');
insert into Utstyr(utstyr_id, utstyr_Type, utstyr_navn, dagspris, timepris, utstyrkode, var_sist_paa_sted, tilhoerer_sted, hjulstoerrelse, ramme, utstyr_status) values(75, 'Sykkel', 'Diamant', 1099, 319, 'kode75', 1, 1, '23', '33', 'Klar');
insert into Utstyr(utstyr_id, utstyr_Type, utstyr_navn, dagspris, timepris, utstyrkode, var_sist_paa_sted, tilhoerer_sted, hjulstoerrelse, ramme, utstyr_status) values(76, 'Sykkel', 'Diamant', 1099, 319, 'kode76', 1, 1, '21', '30', 'Klar');
insert into Utstyr(utstyr_id, utstyr_Type, utstyr_navn, dagspris, timepris, utstyrkode, var_sist_paa_sted, tilhoerer_sted, hjulstoerrelse, ramme, utstyr_status) values(81, 'Sykkel', 'DBS Tomahawk', 599, 159, 'kode81', 13, 2, '19', '27', 'Reparasjon');
insert into Utstyr(utstyr_id, utstyr_Type, utstyr_navn, dagspris, timepris, utstyrkode, var_sist_paa_sted, tilhoerer_sted, hjulstoerrelse, ramme, utstyr_status) values(82, 'Sykkel', 'DBS Tomahawk', 599, 159, 'kode82', 13, 2, '20', '28', 'Reparasjon');
insert into Utstyr(utstyr_id, utstyr_Type, utstyr_navn, dagspris, timepris, utstyrkode, var_sist_paa_sted, tilhoerer_sted, hjulstoerrelse, ramme, utstyr_status) values(83, 'Sykkel', 'DBS Tomahawk', 599, 159, 'kode83', 13, 2, '21', '30', 'Reparasjon');
insert into Utstyr(utstyr_id, utstyr_Type, utstyr_navn, dagspris, timepris, utstyrkode, var_sist_paa_sted, tilhoerer_sted, hjulstoerrelse, ramme, utstyr_status) values(84, 'Sykkel', 'DBS Tomahawk', 599, 159, 'kode84', 1, 2, '22', '31', 'Reparasjon');
insert into Utstyr(utstyr_id, utstyr_Type, utstyr_navn, dagspris, timepris, utstyrkode, var_sist_paa_sted, tilhoerer_sted, hjulstoerrelse, ramme, utstyr_status) values(85, 'Sykkel', 'DBS Tomahawk', 599, 159, 'kode85', 1, 1, '23', '33', 'Stjålet');
insert into Utstyr(utstyr_id, utstyr_Type, utstyr_navn, dagspris, timepris, utstyrkode, var_sist_paa_sted, tilhoerer_sted, hjulstoerrelse, ramme, utstyr_status) values(86, 'Sykkel', 'DBS Tomahawk', 599, 159, 'kode86', 1, 1, '21', '30', 'Stjålet');
insert into Utstyr(utstyr_id, utstyr_Type, utstyr_navn, dagspris, timepris, utstyrkode, var_sist_paa_sted, tilhoerer_sted, hjulstoerrelse, ramme, utstyr_status) values(91, 'Sykkel', 'Shelby', 759, 189, 'kode91', 13, 13, '19', '27', 'Klar');
insert into Utstyr(utstyr_id, utstyr_Type, utstyr_navn, dagspris, timepris, utstyrkode, var_sist_paa_sted, tilhoerer_sted, hjulstoerrelse, ramme, utstyr_status) values(92, 'Sykkel', 'Shelby', 759, 189, 'kode92', 13, 2, '20', '28', 'Flytt');
insert into Utstyr(utstyr_id, utstyr_Type, utstyr_navn, dagspris, timepris, utstyrkode, var_sist_paa_sted, tilhoerer_sted, hjulstoerrelse, ramme, utstyr_status) values(93, 'Sykkel', 'Shelby', 759, 189, 'kode93', 1, 1, '21', '30', 'Utleid');
insert into Utstyr(utstyr_id, utstyr_Type, utstyr_navn, dagspris, timepris, utstyrkode, var_sist_paa_sted, tilhoerer_sted, hjulstoerrelse, ramme, utstyr_status) values(94, 'Sykkel', 'Shelby', 759, 189, 'kode94', 13, 2, '22', '31', 'Reparasjon');
insert into Utstyr(utstyr_id, utstyr_Type, utstyr_navn, dagspris, timepris, utstyrkode, var_sist_paa_sted, tilhoerer_sted, hjulstoerrelse, ramme, utstyr_status) values(95, 'Sykkel', 'Shelby', 759, 189, 'kode95', 1, 1, '23', '33', 'Utleid');
insert into Utstyr(utstyr_id, utstyr_Type, utstyr_navn, dagspris, timepris, utstyrkode, var_sist_paa_sted, tilhoerer_sted, hjulstoerrelse, ramme, utstyr_status) values(96, 'Sykkel', 'Shelby', 759, 189, 'kode96', 13, 13, '21', '30', 'Stjålet');
insert into Utstyr(utstyr_id, utstyr_Type, utstyr_navn, dagspris, timepris, utstyrkode, var_sist_paa_sted, tilhoerer_sted, hjulstoerrelse, ramme, utstyr_status) values(10, 'Sykkel', 'Monark', 899, 179, 'kode10', 13, 2, '30', '30', 'reparasjon');
insert into Utstyr(utstyr_id, utstyr_Type, utstyr_navn, dagspris, timepris, utstyrkode, var_sist_paa_sted, tilhoerer_sted, hjulstoerrelse, ramme, utstyr_status) values(11, 'Sykkel', 'Balder', 899, 179, 'kode11', 13, 13, '21', '30', 'Utleid');
insert into Utstyr(utstyr_id, utstyr_Type, utstyr_navn, dagspris, timepris, utstyrkode, var_sist_paa_sted, tilhoerer_sted, hjulstoerrelse, ramme, utstyr_status) values(12, 'Sykkel', 'Moulton Stow Away', 899, 179, 'kode12', 13, 13, '21', '30', 'Utleid');
insert into Utstyr(utstyr_id, utstyr_Type, utstyr_navn, dagspris, timepris, utstyrkode, var_sist_paa_sted, tilhoerer_sted, hjulstoerrelse, ramme, utstyr_status) values(13, 'Sykkel', 'Crescent', 1999, 459, 'kode13', 13, 13, '21', '30', 'Stjålet');
insert into Utstyr(utstyr_id, utstyr_Type, utstyr_navn, dagspris, timepris, utstyrkode, var_sist_paa_sted, tilhoerer_sted, hjulstoerrelse, ramme, utstyr_status) values(14, 'Sykkel', 'Biltema Elsykkel Low Step', 899, 179, 'kode14', 13, 2, '21', '30', 'reparasjon');
insert into Utstyr(utstyr_id, utstyr_Type, utstyr_navn, dagspris, timepris, utstyrkode, var_sist_paa_sted, tilhoerer_sted, hjulstoerrelse, ramme, utstyr_status) values(15, 'Sykkel', 'Biltema Elsykkel Low Step', 899, 179, 'kode15', 13, 13, '19', '27', 'Klar');
insert into Utstyr(utstyr_id, utstyr_Type, utstyr_navn, dagspris, timepris, utstyrkode, var_sist_paa_sted, tilhoerer_sted, hjulstoerrelse, ramme, utstyr_status) values(16, 'Sykkel', 'Biltema Elsykkel Low Step', 899, 179, 'kode16', 13, 13, '23', '33', 'Klar');
insert into Utstyr(utstyr_id, utstyr_Type, utstyr_navn, dagspris, timepris, utstyrkode, var_sist_paa_sted, tilhoerer_sted, hjulstoerrelse, ramme, utstyr_status) values(17, 'Sykkel', 'Biltema Elsykkel Low Step', 899, 179, 'kode17', 13, 13, '20', '28', 'Utleid');
insert into Utstyr(utstyr_id, utstyr_Type, utstyr_navn, dagspris, timepris, utstyrkode, var_sist_paa_sted, tilhoerer_sted, hjulstoerrelse, ramme, utstyr_status) values(18, 'Sykkel', 'Biltema Elsykkel Low Step', 899, 179, 'kode18', 13, 13, '22', '31', 'Stjålet');
insert into Utstyr(utstyr_id, utstyr_Type, utstyr_navn, dagspris, timepris, utstyrkode, var_sist_paa_sted, tilhoerer_sted, hjulstoerrelse, ramme, utstyr_status) values(100, 'Hjelm', 'Second Skull', 99, 19, 'kode100', 13, 13, '', '', 'Klar');
insert into Utstyr(utstyr_id, utstyr_Type, utstyr_navn, dagspris, timepris, utstyrkode, var_sist_paa_sted, tilhoerer_sted, hjulstoerrelse, ramme, utstyr_status) values(101, 'Hjelm', 'Second Skull', 99, 19, 'kode101', 13, 13, '', '', 'Klar');
insert into Utstyr(utstyr_id, utstyr_Type, utstyr_navn, dagspris, timepris, utstyrkode, var_sist_paa_sted, tilhoerer_sted, hjulstoerrelse, ramme, utstyr_status) values(102, 'Hjelm', 'Second Skull', 99, 19, 'kode102', 13, 13, '', '', 'Utleid');
insert into Utstyr(utstyr_id, utstyr_Type, utstyr_navn, dagspris, timepris, utstyrkode, var_sist_paa_sted, tilhoerer_sted, hjulstoerrelse, ramme, utstyr_status) values(103, 'Hjelm', 'Second Skull', 99, 19, 'kode103', 13, 13, '', '', 'Utleid');
insert into Utstyr(utstyr_id, utstyr_Type, utstyr_navn, dagspris, timepris, utstyrkode, var_sist_paa_sted, tilhoerer_sted, hjulstoerrelse, ramme, utstyr_status) values(104, 'Hjelm', 'Second Skull', 99, 19, 'kode104', 13, 13, '', '', 'Utleid');
insert into Utstyr(utstyr_id, utstyr_Type, utstyr_navn, dagspris, timepris, utstyrkode, var_sist_paa_sted, tilhoerer_sted, hjulstoerrelse, ramme, utstyr_status) values(105, 'Hjelm', 'Second Skull', 99, 19, 'kode105', 13, 3, '', '', 'Flytt');
insert into Utstyr(utstyr_id, utstyr_Type, utstyr_navn, dagspris, timepris, utstyrkode, var_sist_paa_sted, tilhoerer_sted, hjulstoerrelse, ramme, utstyr_status) values(106, 'Hjelm', 'Second Skull', 99, 19, 'kode106', 13, 7, '', '', 'Flytt');
insert into Utstyr(utstyr_id, utstyr_Type, utstyr_navn, dagspris, timepris, utstyrkode, var_sist_paa_sted, tilhoerer_sted, hjulstoerrelse, ramme, utstyr_status) values(107, 'Hjelm', 'Second Skull', 99, 19, 'kode107', 13, 1, '', '', 'Flytt');
insert into Utstyr(utstyr_id, utstyr_Type, utstyr_navn, dagspris, timepris, utstyrkode, var_sist_paa_sted, tilhoerer_sted, hjulstoerrelse, ramme, utstyr_status) values(108, 'Hjelm', 'Second Skull', 99, 19, 'kode108', 13, 11, '', '', 'Flytt');
insert into Utstyr(utstyr_id, utstyr_Type, utstyr_navn, dagspris, timepris, utstyrkode, var_sist_paa_sted, tilhoerer_sted, hjulstoerrelse, ramme, utstyr_status) values(109, 'Hjelm', 'Second Skull', 99, 19, 'kode109', 13, 12, '', '', 'Flytt');
insert into Utstyr(utstyr_id, utstyr_Type, utstyr_navn, dagspris, timepris, utstyrkode, var_sist_paa_sted, tilhoerer_sted, hjulstoerrelse, ramme, utstyr_status) values(110, 'Hjelm', 'Second Skull', 99, 19, 'kode110', 13, 12, '', '', 'Flytt');
insert into Utstyr(utstyr_id, utstyr_Type, utstyr_navn, dagspris, timepris, utstyrkode, var_sist_paa_sted, tilhoerer_sted, hjulstoerrelse, ramme, utstyr_status) values(111, 'Hjelm', 'Second Skull', 99, 19, 'kode111', 1, 3, '', '', 'Flytt');
insert into Utstyr(utstyr_id, utstyr_Type, utstyr_navn, dagspris, timepris, utstyrkode, var_sist_paa_sted, tilhoerer_sted, hjulstoerrelse, ramme, utstyr_status) values(112, 'Hjelm', 'Second Skull', 99, 19, 'kode112', 1, 7, '', '', 'Flytt');
insert into Utstyr(utstyr_id, utstyr_Type, utstyr_navn, dagspris, timepris, utstyrkode, var_sist_paa_sted, tilhoerer_sted, hjulstoerrelse, ramme, utstyr_status) values(113, 'Hjelm', 'Second Skull', 99, 19, 'kode113', 1, 1, '', '', 'Klar');
insert into Utstyr(utstyr_id, utstyr_Type, utstyr_navn, dagspris, timepris, utstyrkode, var_sist_paa_sted, tilhoerer_sted, hjulstoerrelse, ramme, utstyr_status) values(114, 'Hjelm', 'Second Skull', 99, 19, 'kode114', 1, 1, '', '', 'Utleid');
insert into Utstyr(utstyr_id, utstyr_Type, utstyr_navn, dagspris, timepris, utstyrkode, var_sist_paa_sted, tilhoerer_sted, hjulstoerrelse, ramme, utstyr_status) values(115, 'Hjelm', 'Second Skull', 99, 19, 'kode115', 1, 1, '', '', 'Klar');
insert into Utstyr(utstyr_id, utstyr_Type, utstyr_navn, dagspris, timepris, utstyrkode, var_sist_paa_sted, tilhoerer_sted, hjulstoerrelse, ramme, utstyr_status) values(116, 'Hjelm', 'Second Skull', 99, 19, 'kode116', 1, 1, '', '', 'Utleid');
insert into Utstyr(utstyr_id, utstyr_Type, utstyr_navn, dagspris, timepris, utstyrkode, var_sist_paa_sted, tilhoerer_sted, hjulstoerrelse, ramme, utstyr_status) values(117, 'Hjelm', 'Second Skull', 99, 19, 'kode117', 1, 3, '', '', 'Flytt');
insert into Utstyr(utstyr_id, utstyr_Type, utstyr_navn, dagspris, timepris, utstyrkode, var_sist_paa_sted, tilhoerer_sted, hjulstoerrelse, ramme, utstyr_status) values(118, 'Hjelm', 'Second Skull', 99, 19, 'kode118', 1, 11, '', '', 'Flytt');
insert into Utstyr(utstyr_id, utstyr_Type, utstyr_navn, dagspris, timepris, utstyrkode, var_sist_paa_sted, tilhoerer_sted, hjulstoerrelse, ramme, utstyr_status) values(119, 'Hjelm', 'Second Skull', 99, 19, 'kode119', 1, 13, '', '', 'Flytt');
insert into Utstyr(utstyr_id, utstyr_Type, utstyr_navn, dagspris, timepris, utstyrkode, var_sist_paa_sted, tilhoerer_sted, hjulstoerrelse, ramme, utstyr_status) values(120, 'Lappesaker', 'G-sport lappesett', 699, 149, 'kode120', 13, 13, NULL, NULL, 'Klar');
insert into Utstyr(utstyr_id, utstyr_Type, utstyr_navn, dagspris, timepris, utstyrkode, var_sist_paa_sted, tilhoerer_sted, hjulstoerrelse, ramme, utstyr_status) values(121, 'Lappesaker', 'G-sport lappesett', 699, 149, 'kode121', 13, 13, NULL, NULL, 'Utleid');
insert into Utstyr(utstyr_id, utstyr_Type, utstyr_navn, dagspris, timepris, utstyrkode, var_sist_paa_sted, tilhoerer_sted, hjulstoerrelse, ramme, utstyr_status) values(122, 'Lappesaker', 'G-sport lappesett', 699, 149, 'kode122', 13, 13, NULL, NULL, 'Klar');
insert into Utstyr(utstyr_id, utstyr_Type, utstyr_navn, dagspris, timepris, utstyrkode, var_sist_paa_sted, tilhoerer_sted, hjulstoerrelse, ramme, utstyr_status) values(123, 'Lappesaker', 'G-sport lappesett', 699, 149, 'kode123', 13, 7, NULL, NULL, 'Flytt');
insert into Utstyr(utstyr_id, utstyr_Type, utstyr_navn, dagspris, timepris, utstyrkode, var_sist_paa_sted, tilhoerer_sted, hjulstoerrelse, ramme, utstyr_status) values(124, 'Lappesaker', 'G-sport lappesett', 699, 149, 'kode124', 13, 3, NULL, NULL, 'Flytt');
insert into Utstyr(utstyr_id, utstyr_Type, utstyr_navn, dagspris, timepris, utstyrkode, var_sist_paa_sted, tilhoerer_sted, hjulstoerrelse, ramme, utstyr_status) values(125, 'Lappesaker', 'G-sport lappesett', 699, 149, 'kode125', 1, 1, NULL, NULL, 'Klar');
insert into Utstyr(utstyr_id, utstyr_Type, utstyr_navn, dagspris, timepris, utstyrkode, var_sist_paa_sted, tilhoerer_sted, hjulstoerrelse, ramme, utstyr_status) values(126, 'Lappesaker', 'G-sport lappesett', 699, 149, 'kode126', 1, 1, NULL, NULL, 'Utleid');
insert into Utstyr(utstyr_id, utstyr_Type, utstyr_navn, dagspris, timepris, utstyrkode, var_sist_paa_sted, tilhoerer_sted, hjulstoerrelse, ramme, utstyr_status) values(127, 'Lappesaker', 'G-sport lappesett', 699, 149, 'kode127', 1, 11, NULL, NULL, 'Flytt');
insert into Utstyr(utstyr_id, utstyr_Type, utstyr_navn, dagspris, timepris, utstyrkode, var_sist_paa_sted, tilhoerer_sted, hjulstoerrelse, ramme, utstyr_status) values(128, 'Lappesaker', 'G-sport lappesett', 699, 149, 'kode128', 1, 7, NULL, NULL, 'Flytt');
insert into Utstyr(utstyr_id, utstyr_Type, utstyr_navn, dagspris, timepris, utstyrkode, var_sist_paa_sted, tilhoerer_sted, hjulstoerrelse, ramme, utstyr_status) values(129, 'Lappesaker', 'G-sport lappesett', 699, 149, 'kode129', 1, 12, NULL, NULL, 'Flytt');

#--KUNDEINSERT
insert into kunde(kunde_id, fnavn, enavn, mob_nr, epost, kunde_password, steder_sted_id) values(1, 'Gilbert', 'Gerdsen', 12345323, 'GG@epost.no', 'gilgerd', 1 );
insert into kunde(kunde_id, fnavn, enavn, mob_nr, epost, kunde_password, steder_sted_id) values(2, 'Per', 'Lang', 15236351, 'PL@hotmail.net', 'Plang', 1 );
insert into kunde(kunde_id, fnavn, enavn, mob_nr, epost, kunde_password, steder_sted_id) values(3, 'Ole', 'Kort', 12152155, 'OK@gmail.com', 'Okort', 1 );
insert into kunde(kunde_id, fnavn, enavn, mob_nr, epost, kunde_password, steder_sted_id) values(4, 'Ola', 'Lien', 77624252, 'OL@epost.no', 'Olien', 13 );
insert into kunde(kunde_id, fnavn, enavn, mob_nr, epost, kunde_password, steder_sted_id) values(5, 'Pia', 'Aas', 12356744, 'PA@epost.no', 'Paas', 13 );
insert into kunde(kunde_id, fnavn, enavn, mob_nr, epost, kunde_password, steder_sted_id) values(6, 'Gunnar', 'Eide', 12356745, 'geid@epost.no', 'geid', 13 );
insert into kunde(kunde_id, fnavn, enavn, mob_nr, epost, kunde_password, steder_sted_id) values(7, 'Keiser', 'Wilhelm', 12356746, 'Keiser@live.no', 'jegerbest', 13 );
insert into kunde(kunde_id, fnavn, enavn, mob_nr, epost, kunde_password, steder_sted_id) values(8, 'Albert', 'Altrusk', 12356747, 'Albert@forening.no', 'AA', 13 );
insert into kunde(kunde_id, fnavn, enavn, mob_nr, epost, kunde_password, steder_sted_id) values(9, 'Ludwig', 'XVI', 12356748, 'gud@hotmail.no', 'statenermeg', 1 );
insert into kunde(kunde_id, fnavn, enavn, mob_nr, epost, kunde_password, steder_sted_id) values(10, 'Håvard', 'Skulderkniv', 12356244, 'blader@gmail.no', 'knivblad', 1 );
insert into kunde(kunde_id, fnavn, enavn, mob_nr, epost, kunde_password, steder_sted_id) values(11, 'Rupert', 'Trepur', 12356324, 'elsktreet@live.no', 'treehugger', 13 );

#--ANSATTINSERT
insert into ansatt(ansatt_id, Jobb, fulltid, loenn, ansatt_password, steder_sted_id) values(1, 'salgsperson', '1', '16161616', 'hemeli', 1);
insert into ansatt(ansatt_id, Jobb, fulltid, loenn, ansatt_password, steder_sted_id) values(2, 'flytter', '0', '68238', 'mypw', 11);
insert into ansatt(ansatt_id, Jobb, fulltid, loenn, ansatt_password, steder_sted_id) values(3, 'reparatoer', '1', '5215123', 'annet', 2);
insert into ansatt(ansatt_id, Jobb, fulltid, loenn, ansatt_password, steder_sted_id) values(4, 'salgsperson', '1', '1234426', 'tredje', 13);
insert into ansatt(ansatt_id, Jobb, fulltid, loenn, ansatt_password, steder_sted_id) values(5, 'flytter', '0', '68238', 'mittpord', 12);
insert into ansatt(ansatt_id, Jobb, fulltid, loenn, ansatt_password, steder_sted_id) values(6, 'flytter', '0', '68238', 'pordetmitt', 7);
insert into ansatt(ansatt_id, Jobb, fulltid, loenn, ansatt_password, steder_sted_id) values(7, 'flytter', '0', '68238', 'sesamsesam', 3);

#--BESTILLINGINSERT
insert into bestilling(bestilling_id, pris, gruppe, kunde_kunde_id, ansatt_ansatt_id, bestillingsdato, kan_hentes, maa_leveres_foer) values(1, 798, 0, 1, 4, '2013-12-13 12:53:23', '2013-12-13 07:00:00', '2013-12-14 07:00:00');
insert into bestilling(bestilling_id, pris, gruppe, kunde_kunde_id, ansatt_ansatt_id, bestillingsdato, kan_hentes, maa_leveres_foer) values(2, 129, 0, 8, 4, '2013-12-13 15:47:35', '2013-12-13 16:00:00', '2013-12-13 17:00:00');
insert into bestilling(bestilling_id, pris, gruppe, kunde_kunde_id, ansatt_ansatt_id, bestillingsdato, kan_hentes, maa_leveres_foer) values(3, 2784, 1, 5, 4, '2015-04-17 12:53:12', '2015-04-19 07:00:00', '2015-04-21 07:00:00');
insert into bestilling(bestilling_id, pris, gruppe, kunde_kunde_id, ansatt_ansatt_id, bestillingsdato, kan_hentes, maa_leveres_foer) values(4, 477, 0, 1, 1, '2017-07-13 13:50:37', '2017-07-13 13:50:37', '2017-07-13 16:50:37');
insert into bestilling(bestilling_id, pris, gruppe, kunde_kunde_id, ansatt_ansatt_id, bestillingsdato, kan_hentes, maa_leveres_foer) values(5, 3992, 1, 7, 4, '2016-08-20 15:53:23', '2016-08-23 13:00:00', '2016-08-25 13:00:00');
insert into bestilling(bestilling_id, pris, gruppe, kunde_kunde_id, ansatt_ansatt_id, bestillingsdato, kan_hentes, maa_leveres_foer) values(6, 3594, 0, 4, 4, '2017-11-27 21:42:52', '2017-11-29 07:00:00', '2017-12-05 07:00:00');
insert into bestilling(bestilling_id, pris, gruppe, kunde_kunde_id, ansatt_ansatt_id, bestillingsdato, kan_hentes, maa_leveres_foer) values(7, 4188, 1, 2, 1, '2018-01-17 18:17:03', '2018-01-28 07:00:00', '2018-01-31 07:00:00');
insert into bestilling(bestilling_id, pris, gruppe, kunde_kunde_id, ansatt_ansatt_id, bestillingsdato, kan_hentes, maa_leveres_foer) values(8, 13980, 0, 6, 4, '2018-03-17 18:17:03', '2018-05-06 07:00:00', '2018-05-26 07:00:00');
insert into bestilling(bestilling_id, pris, gruppe, kunde_kunde_id, ansatt_ansatt_id, bestillingsdato, kan_hentes, maa_leveres_foer) values(9, 12936, 1, 11, 4, '2018-04-17 14:19:34', '2018-05-06 07:00:00', '2018-05-9 07:00:00');
insert into bestilling(bestilling_id, pris, gruppe, kunde_kunde_id, ansatt_ansatt_id, bestillingsdato, kan_hentes, maa_leveres_foer) values(10, 2652, 1, 3, 1, '2018-05-08 17:57:03', '2018-05-08 18:00:00', '2018-05-08 21:00:00');
insert into bestilling(bestilling_id, pris, gruppe, kunde_kunde_id, ansatt_ansatt_id, bestillingsdato, kan_hentes, maa_leveres_foer) values(11, 499, 1, 9, 1, '2018-05-08 14:34:13', '2018-05-08 21:00:00', '2018-05-09 21:00:00');


#--UTSTYR_BESTILLING_SAMMENINSERT
insert into Utstyr_has_bestilling(Utstyr_utstyr_id, bestilling_bestilling_id) values(1, 1);
insert into Utstyr_has_bestilling(Utstyr_utstyr_id, bestilling_bestilling_id) values(102, 1);
insert into Utstyr_has_bestilling(Utstyr_utstyr_id, bestilling_bestilling_id) values(41, 2);
insert into Utstyr_has_bestilling(Utstyr_utstyr_id, bestilling_bestilling_id) values(103, 3);
insert into Utstyr_has_bestilling(Utstyr_utstyr_id, bestilling_bestilling_id) values(61, 3);
insert into Utstyr_has_bestilling(Utstyr_utstyr_id, bestilling_bestilling_id) values(45, 3);
insert into Utstyr_has_bestilling(Utstyr_utstyr_id, bestilling_bestilling_id) values(86, 4);
insert into Utstyr_has_bestilling(Utstyr_utstyr_id, bestilling_bestilling_id) values(10, 5); 
insert into Utstyr_has_bestilling(Utstyr_utstyr_id, bestilling_bestilling_id) values(11, 5); 
insert into Utstyr_has_bestilling(Utstyr_utstyr_id, bestilling_bestilling_id) values(106, 5); 
insert into Utstyr_has_bestilling(Utstyr_utstyr_id, bestilling_bestilling_id) values(107, 5);
insert into Utstyr_has_bestilling(Utstyr_utstyr_id, bestilling_bestilling_id) values(81, 6);
insert into Utstyr_has_bestilling(Utstyr_utstyr_id, bestilling_bestilling_id) values(23, 7); 
insert into Utstyr_has_bestilling(Utstyr_utstyr_id, bestilling_bestilling_id) values(42, 7);
insert into Utstyr_has_bestilling(Utstyr_utstyr_id, bestilling_bestilling_id) values(119, 7);
insert into Utstyr_has_bestilling(Utstyr_utstyr_id, bestilling_bestilling_id) values(118, 7);
insert into Utstyr_has_bestilling(Utstyr_utstyr_id, bestilling_bestilling_id) values(1, 8);
insert into Utstyr_has_bestilling(Utstyr_utstyr_id, bestilling_bestilling_id) values(53, 9);
insert into Utstyr_has_bestilling(Utstyr_utstyr_id, bestilling_bestilling_id) values(54, 9);
insert into Utstyr_has_bestilling(Utstyr_utstyr_id, bestilling_bestilling_id) values(93, 9);
insert into Utstyr_has_bestilling(Utstyr_utstyr_id, bestilling_bestilling_id) values(95, 9);
insert into Utstyr_has_bestilling(Utstyr_utstyr_id, bestilling_bestilling_id) values(102, 9);
insert into Utstyr_has_bestilling(Utstyr_utstyr_id, bestilling_bestilling_id) values(103, 9);
insert into Utstyr_has_bestilling(Utstyr_utstyr_id, bestilling_bestilling_id) values(104, 9);
insert into Utstyr_has_bestilling(Utstyr_utstyr_id, bestilling_bestilling_id) values(121, 9);
insert into Utstyr_has_bestilling(Utstyr_utstyr_id, bestilling_bestilling_id) values(11, 9);
insert into Utstyr_has_bestilling(Utstyr_utstyr_id, bestilling_bestilling_id) values(12, 9);
insert into Utstyr_has_bestilling(Utstyr_utstyr_id, bestilling_bestilling_id) values(17, 9);
insert into Utstyr_has_bestilling(Utstyr_utstyr_id, bestilling_bestilling_id) values(114, 9);
insert into Utstyr_has_bestilling(Utstyr_utstyr_id, bestilling_bestilling_id) values(116, 9);
insert into Utstyr_has_bestilling(Utstyr_utstyr_id, bestilling_bestilling_id) values(126, 9);
insert into Utstyr_has_bestilling(Utstyr_utstyr_id, bestilling_bestilling_id) values(46, 10);
